<?xml version="1.0" encoding="ISO-8859-1"?>
<data type="array">
	<robot>
		<ID>001</ID>
		<name>Balance Bot</name>
		<artist>Alex Jansen</artist>
		<image>images/balancebot.jpg</image>
		<rating>4</rating>
	  <summary>Inspired by Segway, this little guy seems to defy gravity			as he rolls around</summary>
	</robot>
	<robot>
		<ID>002</ID>
		<name>BoB the Biped</name>
		<artist>Alex Jansen</artist>
		<image>images/bipedbot.jpg</image>
		<rating>5</rating>
	  <summary>Are robots better than humans? Let this walker make you question your exsistence.</summary>
	</robot>
	<robot>
		<ID>003</ID>
		<name>DSLRcontrol</name>
		<artist>Alex Jansen</artist>
		<image>images/DSLRcontrol.jpg</image>
		<rating>5</rating>
	  <summary>A highly functional robot which takes photos automagically</summary>
	</robot>
	<robot>
		<ID>004</ID>
		<name>Pet Feeder</name>
		<artist>Alex Jansen</artist>
		<image>images/petfeeder.jpg</image>
		<rating>4</rating>
	  <summary>A simple way to keep your furry friend happy while you are away.</summary>
	</robot>
	<robot>
		<ID>005</ID>
		<name>Bubble Machine</name>
		<artist>Alex Jansen</artist>
		<image>images/bubblemachine.jpg</image>
		<rating>4</rating>
	  <summary>Aint no party like a robot party, cuz a robot party is recursive.</summary>
	</robot>
	<robot>
		<ID>006</ID>
		<name>1/4" Driver</name>
		<artist>Alex Jansen</artist>
		<image>images/driveraddon.jpg</image>
		<rating>3</rating>
	  <summary>A handy little robot to have around, this attatches to standard 1/4" bits</summary>
	</robot>
	<robot>
		<ID>007</ID>
		<name>Arm</name>
		<artist>Alex Jansen</artist>
		<image>images/armbot.jpg</image>
		<rating>5</rating>
	  <summary>Nature is the ultimate inventor, and we don't have much to fix with the 3 axis arm.</summary>
	</robot>
</data>
